name,total_rso_removed,total_affordable_added,total_units_added,extremely_low_ami_30,very_very_low_ami_45,very_low_ami_50,low_ami_50_80,moderate_ami_120,workforce_ami_150,market_rate_units_added,Net Change
Adams-Normandie,43.0,0.0,0.0,0.0,0.0,0.0,0.0,0.0,0.0,0.0,0.0
Arlington Heights,40.0,94.0,94.0,0.0,0.0,0.0,73.0,21.0,0.0,0.0,54.0
Atwater Village,38.0,3.0,31.0,3.0,0.0,0.0,0.0,0.0,0.0,28.0,-7.0
Baldwin Hills/Crenshaw,49.0,426.0,881.0,51.0,0.0,15.0,291.0,69.0,0.0,455.0,832.0
Bel-Air,9.0,1.0,13.0,0.0,0.0,1.0,0.0,0.0,0.0,12.0,4.0
Beverly Grove,509.0,77.0,694.0,0.0,0.0,59.0,18.0,0.0,0.0,617.0,185.0
Beverlywood,10.0,1.0,8.0,0.0,0.0,1.0,0.0,0.0,0.0,7.0,-2.0
Boyle Heights,173.0,298.0,426.0,27.0,0.0,41.0,213.0,17.0,0.0,128.0,253.0
Brentwood,396.0,158.0,1226.0,2.0,0.0,95.0,54.0,7.0,0.0,1068.0,830.0
Broadway-Manchester,29.0,113.0,115.0,5.0,0.0,11.0,97.0,0.0,0.0,2.0,86.0
Canoga Park,7.0,8.0,70.0,1.0,0.0,7.0,0.0,0.0,0.0,62.0,63.0
Carthay,44.0,8.0,90.0,0.0,0.0,8.0,0.0,0.0,0.0,82.0,46.0
Central-Alameda,38.0,57.0,57.0,9.0,0.0,6.0,42.0,0.0,0.0,0.0,19.0
Century City,70.0,63.0,535.0,0.0,0.0,63.0,0.0,0.0,0.0,472.0,465.0
Chatsworth,1.0,0.0,0.0,0.0,0.0,0.0,0.0,0.0,0.0,0.0,0.0
Cheviot Hills,2.0,0.0,0.0,0.0,0.0,0.0,0.0,0.0,0.0,0.0,0.0
Chinatown,43.0,2.0,56.0,0.0,0.0,2.0,0.0,0.0,0.0,54.0,13.0
Cypress Park,13.0,0.0,0.0,0.0,0.0,0.0,0.0,0.0,0.0,0.0,0.0
Del Rey,96.0,35.0,168.0,0.0,0.0,16.0,18.0,1.0,0.0,133.0,72.0
Downtown,151.0,567.0,2982.0,126.0,0.0,168.0,210.0,63.0,0.0,2415.0,2831.0
Eagle Rock,58.0,5.0,59.0,0.0,0.0,5.0,0.0,0.0,0.0,54.0,1.0
East Hollywood,459.0,879.0,2207.0,224.0,0.0,155.0,425.0,75.0,0.0,1328.0,1748.0
Echo Park,275.0,104.0,919.0,43.0,0.0,56.0,5.0,0.0,0.0,815.0,644.0
El Sereno,25.0,0.0,0.0,0.0,0.0,0.0,0.0,0.0,0.0,0.0,0.0
Elysian Park,8.0,0.0,0.0,0.0,0.0,0.0,0.0,0.0,0.0,0.0,0.0
Elysian Valley,7.0,0.0,0.0,0.0,0.0,0.0,0.0,0.0,0.0,0.0,0.0
Encino,68.0,357.0,3332.0,170.0,0.0,170.0,17.0,0.0,0.0,2975.0,3264.0
Exposition Park,379.0,520.0,1051.0,51.0,0.0,29.0,360.0,76.0,4.0,531.0,672.0
Fairfax,205.0,6.0,41.0,1.0,0.0,4.0,1.0,0.0,0.0,35.0,-164.0
Florence,69.0,82.0,239.0,23.0,0.0,24.0,35.0,0.0,0.0,157.0,170.0
Glassell Park,33.0,350.0,354.0,0.0,0.0,0.0,300.0,50.0,0.0,4.0,321.0
Granada Hills,2.0,0.0,0.0,0.0,0.0,0.0,0.0,0.0,0.0,0.0,0.0
Green Meadows,23.0,20.0,20.0,1.0,0.0,1.0,18.0,0.0,0.0,0.0,-3.0
Griffith Park,4.0,0.0,0.0,0.0,0.0,0.0,0.0,0.0,0.0,0.0,0.0
Hancock Park,39.0,0.0,0.0,0.0,0.0,0.0,0.0,0.0,0.0,0.0,0.0
Harbor City,2.0,0.0,0.0,0.0,0.0,0.0,0.0,0.0,0.0,0.0,0.0
Harbor Gateway,79.0,7.0,64.0,0.0,0.0,0.0,7.0,0.0,0.0,57.0,-15.0
Harvard Heights,127.0,232.0,2045.0,30.0,0.0,202.0,0.0,0.0,0.0,1813.0,1918.0
Harvard Park,1.0,0.0,0.0,0.0,0.0,0.0,0.0,0.0,0.0,0.0,0.0
Highland Park,75.0,1.0,16.0,0.0,0.0,0.0,1.0,0.0,0.0,15.0,-59.0
Historic South-Central,181.0,159.0,332.0,24.0,0.0,19.0,116.0,0.0,0.0,173.0,151.0
Hollywood,1163.0,826.0,2114.0,14.0,0.0,150.0,561.0,133.0,0.0,1288.0,951.0
Hollywood Hills,124.0,3.0,24.0,3.0,0.0,0.0,0.0,0.0,0.0,21.0,-100.0
Hollywood Hills West,2.0,4.0,79.0,0.0,0.0,4.0,0.0,0.0,0.0,75.0,77.0
Hyde Park,58.0,367.0,899.0,64.0,0.0,84.0,192.0,27.0,0.0,532.0,841.0
Jefferson Park,41.0,0.0,0.0,0.0,0.0,0.0,0.0,0.0,0.0,0.0,0.0
Koreatown,603.0,1365.0,6340.0,322.0,0.0,337.0,655.0,51.0,0.0,4975.0,5737.0
Lake Balboa,7.0,0.0,0.0,0.0,0.0,0.0,0.0,0.0,0.0,0.0,0.0
Larchmont,88.0,56.0,564.0,19.0,0.0,31.0,6.0,0.0,0.0,508.0,476.0
Leimert Park,4.0,0.0,0.0,0.0,0.0,0.0,0.0,0.0,0.0,0.0,0.0
Lincoln Heights,31.0,23.0,48.0,1.0,0.0,4.0,18.0,0.0,0.0,25.0,17.0
Los Feliz,84.0,137.0,153.0,3.0,0.0,0.0,108.0,26.0,0.0,16.0,69.0
Manchester Square,10.0,1.0,4.0,0.0,0.0,0.0,0.0,1.0,0.0,3.0,-6.0
Mar Vista,123.0,380.0,563.0,206.0,0.0,16.0,158.0,0.0,0.0,183.0,440.0
Mid-City,348.0,1180.0,3658.0,21.0,0.0,349.0,640.0,170.0,0.0,2478.0,3310.0
Mid-Wilshire,161.0,68.0,265.0,9.0,0.0,18.0,38.0,3.0,0.0,197.0,104.0
Mission Hills,7.0,0.0,0.0,0.0,0.0,0.0,0.0,0.0,0.0,0.0,0.0
Montecito Heights,10.0,0.0,0.0,0.0,0.0,0.0,0.0,0.0,0.0,0.0,0.0
Mount Washington,16.0,0.0,0.0,0.0,0.0,0.0,0.0,0.0,0.0,0.0,0.0
North Hills,6.0,2.0,25.0,2.0,0.0,0.0,0.0,0.0,0.0,23.0,19.0
North Hollywood,421.0,707.0,2385.0,66.0,0.0,233.0,360.0,48.0,0.0,1678.0,1964.0
Northridge,23.0,15.0,305.0,0.0,0.0,15.0,0.0,0.0,0.0,290.0,282.0
Pacific Palisades,9.0,0.0,0.0,0.0,0.0,0.0,0.0,0.0,0.0,0.0,0.0
Pacoima,7.0,0.0,0.0,0.0,0.0,0.0,0.0,0.0,0.0,0.0,0.0
Palms,128.0,104.0,1068.0,67.0,0.0,37.0,0.0,0.0,0.0,964.0,940.0
Panorama City,25.0,288.0,1760.0,0.0,0.0,44.0,244.0,0.0,0.0,1472.0,1735.0
Pico-Robertson,282.0,262.0,1111.0,15.0,0.0,84.0,129.0,34.0,0.0,849.0,829.0
Pico-Union,197.0,573.0,1393.0,82.0,0.0,96.0,390.0,5.0,0.0,820.0,1196.0
Playa Vista,10.0,0.0,0.0,0.0,0.0,0.0,0.0,0.0,0.0,0.0,0.0
Playa del Rey,4.0,0.0,0.0,0.0,0.0,0.0,0.0,0.0,0.0,0.0,0.0
Porter Ranch,5.0,296.0,300.0,26.0,0.0,2.0,262.0,6.0,0.0,4.0,295.0
Rancho Park,13.0,13.0,111.0,10.0,0.0,2.0,1.0,0.0,0.0,98.0,98.0
Reseda,7.0,75.0,157.0,0.0,0.0,12.0,11.0,52.0,0.0,82.0,150.0
San Pedro,38.0,0.0,0.0,0.0,0.0,0.0,0.0,0.0,0.0,0.0,0.0
Sawtelle,1304.0,449.0,2255.0,17.0,0.0,203.0,251.0,58.0,0.0,1806.0,951.0
Sepulveda Basin,8.0,21.0,159.0,0.0,0.0,15.0,6.0,0.0,0.0,138.0,151.0
Sherman Oaks,243.0,1038.0,2003.0,0.0,0.0,66.0,770.0,202.0,0.0,965.0,1760.0
Silver Lake,217.0,23.0,227.0,20.0,0.0,3.0,0.0,0.0,0.0,204.0,10.0
South Park,60.0,180.0,183.0,6.0,0.0,3.0,171.0,0.0,0.0,3.0,123.0
Studio City,163.0,34.0,344.0,8.0,0.0,23.0,2.0,1.0,0.0,310.0,181.0
Sun Valley,128.0,787.0,2246.0,41.0,0.0,50.0,608.0,88.0,0.0,1459.0,2118.0
Sunland,2.0,0.0,0.0,0.0,0.0,0.0,0.0,0.0,0.0,0.0,0.0
Sylmar,6.0,0.0,0.0,0.0,0.0,0.0,0.0,0.0,0.0,0.0,0.0
Tarzana,10.0,28.0,236.0,0.0,0.0,28.0,0.0,0.0,0.0,208.0,226.0
Toluca Lake,84.0,66.0,197.0,5.0,0.0,7.0,44.0,10.0,0.0,131.0,113.0
Tujunga,18.0,16.0,68.0,0.0,0.0,8.0,8.0,0.0,0.0,52.0,50.0
University Park,109.0,8.0,73.0,0.0,0.0,0.0,6.0,2.0,0.0,65.0,-36.0
Valley Glen,51.0,31.0,116.0,0.0,0.0,31.0,0.0,0.0,0.0,85.0,65.0
Valley Village,69.0,8.0,78.0,4.0,0.0,4.0,0.0,0.0,0.0,70.0,9.0
Van Nuys,297.0,1891.0,3407.0,60.0,0.0,282.0,782.0,767.0,0.0,1516.0,3110.0
Venice,226.0,6.0,56.0,6.0,0.0,0.0,0.0,0.0,0.0,50.0,-170.0
Vermont Knolls,54.0,406.0,429.0,5.0,0.0,45.0,296.0,60.0,0.0,23.0,375.0
Vermont Square,58.0,125.0,233.0,19.0,0.0,9.0,97.0,0.0,0.0,108.0,175.0
Vermont Vista,26.0,349.0,361.0,16.0,0.0,31.0,289.0,13.0,0.0,12.0,335.0
Vermont-Slauson,33.0,16.0,16.0,1.0,0.0,1.0,14.0,0.0,0.0,0.0,-17.0
Watts,15.0,4.0,39.0,4.0,0.0,0.0,0.0,0.0,0.0,35.0,24.0
West Adams,114.0,0.0,0.0,0.0,0.0,0.0,0.0,0.0,0.0,0.0,0.0
West Hills,5.0,0.0,0.0,0.0,0.0,0.0,0.0,0.0,0.0,0.0,0.0
West Los Angeles,190.0,80.0,225.0,2.0,0.0,16.0,49.0,13.0,0.0,145.0,35.0
Westchester,507.0,2556.0,3804.0,134.0,0.0,88.0,1866.0,468.0,0.0,1248.0,3297.0
Westlake,690.0,664.0,3013.0,255.0,0.0,173.0,328.0,0.0,0.0,2349.0,2323.0
Westwood,237.0,31.0,315.0,6.0,0.0,23.0,1.0,1.0,0.0,284.0,78.0
Wilmington,9.0,0.0,0.0,0.0,0.0,0.0,0.0,0.0,0.0,0.0,0.0
Windsor Square,9.0,0.0,0.0,0.0,0.0,0.0,0.0,0.0,0.0,0.0,0.0
Winnetka,15.0,12.0,52.0,6.0,0.0,4.0,2.0,0.0,0.0,40.0,37.0
Woodland Hills,24.0,138.0,302.0,0.0,0.0,45.0,68.0,25.0,0.0,164.0,278.0
